{"cameraMode":{"drawMode":0,"name":"Shaded","section":"Shading Mode"},"sceneLighting":true,"audioPlay":false,"sceneViewState":{"showFog":true,"showMaterialUpdate":false,"showSkybox":true,"showFlares":true,"showImageEffects":true,"showParticleSystems":true},"in2DMode":false,"pivot":{"x":-0.8596334457397461,"y":3.1707115173339845,"z":0.5411452651023865},"rotation":{"x":-0.21581724286079408,"y":-0.3950149118900299,"z":0.09623051434755326,"w":-0.8879880309104919},"size":0.8565966486930847,"orthographic":false}