{"cameraMode":{"drawMode":0,"name":"Shaded","section":"Shading Mode"},"sceneLighting":true,"audioPlay":false,"sceneViewState":{"showFog":true,"showMaterialUpdate":false,"showSkybox":true,"showFlares":true,"showImageEffects":true,"showParticleSystems":true},"in2DMode":false,"pivot":{"x":-0.8738849759101868,"y":4.618331432342529,"z":-2.7311370372772219},"rotation":{"x":0.24656198918819428,"y":0.1771012544631958,"z":-0.04623476415872574,"w":0.951932430267334},"size":1.5649738311767579,"orthographic":false}