{"cameraMode":{"drawMode":0,"name":"Shaded","section":"Shading Mode"},"sceneLighting":true,"audioPlay":false,"sceneViewState":{"showFog":true,"showMaterialUpdate":false,"showSkybox":true,"showFlares":true,"showImageEffects":true,"showParticleSystems":true},"in2DMode":false,"pivot":{"x":0.01883728802204132,"y":4.323709487915039,"z":-0.01537398248910904},"rotation":{"x":-0.005049077328294516,"y":-0.8986982703208923,"z":0.010899350978434086,"w":-0.43895432353019717},"size":0.1422644555568695,"orthographic":false}