{"cameraMode":{"drawMode":0,"name":"Shaded","section":"Shading Mode"},"sceneLighting":false,"audioPlay":false,"sceneViewState":{"showFog":true,"showMaterialUpdate":false,"showSkybox":false,"showFlares":true,"showImageEffects":true,"showParticleSystems":true},"in2DMode":false,"pivot":{"x":-0.11559867858886719,"y":0.10852855443954468,"z":-0.23590219020843507},"rotation":{"x":0.1047438308596611,"y":0.5819645524024963,"z":-0.07575715333223343,"w":0.8031068444252014},"size":0.5041927099227905,"orthographic":false}