{"cameraMode":{"drawMode":0,"name":"Shaded","section":"Shading Mode"},"sceneLighting":false,"audioPlay":false,"sceneViewState":{"showFog":true,"showMaterialUpdate":false,"showSkybox":false,"showFlares":true,"showImageEffects":true,"showParticleSystems":true},"in2DMode":false,"pivot":{"x":-0.11559867858886719,"y":0.12979647517204286,"z":-0.23585769534111024},"rotation":{"x":0.16495540738105775,"y":0.49842146039009097,"z":-0.09717685729265213,"w":0.8457331657409668},"size":0.24949310719966889,"orthographic":false}