{"cameraMode":{"drawMode":0,"name":"Shaded","section":"Shading Mode"},"sceneLighting":true,"audioPlay":false,"sceneViewState":{"showFog":true,"showMaterialUpdate":false,"showSkybox":true,"showFlares":true,"showImageEffects":true,"showParticleSystems":true},"in2DMode":false,"pivot":{"x":-0.11559867858886719,"y":2.3831770420074465,"z":1.763245701789856},"rotation":{"x":0.23851098120212556,"y":0.42222559452056887,"z":-0.11631933599710465,"w":0.867083728313446},"size":2.3364975452423097,"orthographic":false}