{"cameraMode":{"drawMode":0,"name":"Shaded","section":"Shading Mode"},"sceneLighting":true,"audioPlay":false,"sceneViewState":{"showFog":true,"showMaterialUpdate":false,"showSkybox":true,"showFlares":true,"showImageEffects":true,"showParticleSystems":true},"in2DMode":false,"pivot":{"x":0.0,"y":4.323709487915039,"z":-0.015373952686786652},"rotation":{"x":0.12624023854732514,"y":0.1204017698764801,"z":-0.01554030179977417,"w":0.9847913384437561},"size":0.15023046731948853,"orthographic":false}