{"cameraMode":{"drawMode":0,"name":"Shaded","section":"Shading Mode"},"sceneLighting":true,"audioPlay":false,"sceneViewState":{"showFog":true,"showMaterialUpdate":false,"showSkybox":true,"showFlares":true,"showImageEffects":true,"showParticleSystems":true},"in2DMode":false,"pivot":{"x":-0.3772914707660675,"y":2.818585157394409,"z":0.3648492991924286},"rotation":{"x":0.32870039343833926,"y":0.35470137000083926,"z":-0.13459402322769166,"w":0.8652194738388062},"size":2.01603627204895,"orthographic":false}